<?xml version="1.0" encoding="utf-8"?><App xmlns="http://schemas.microsoft.com/sharepoint/2012/app/manifest" Name="major-incident-management-client-side-solution" ProductID="4d617b10-5115-4876-a2d5-105a1a7c5f03" SharePointMinVersion="16.0.0.0" IsClientSideSolution="true" Version="1.0.0.1" SkipFeatureDeployment="true" IsDomainIsolated="false"><Properties><Title>major-incident-management-client-side-solution</Title><DeveloperProperties>{&quot;name&quot;:&quot;&quot;,&quot;websiteUrl&quot;:&quot;&quot;,&quot;privacyUrl&quot;:&quot;&quot;,&quot;termsOfUseUrl&quot;:&quot;&quot;,&quot;mpnId&quot;:&quot;Undefined-1.18.2&quot;}</DeveloperProperties><ShortDescription><LocalizedString CultureName="default">major-incident-management description</LocalizedString></ShortDescription><LongDescription><LocalizedString CultureName="default">major-incident-management description</LocalizedString></LongDescription><Screenshots></Screenshots></Properties></App>