{
  "@microsoft/generator-sharepoint": {
    "plusBeta": false,
    "isCreatingSolution": false,
    "nodeVersion": "16.13.0",
    "sdksVersions": {
      "@microsoft/microsoft-graph-client": "3.0.2",
      "@microsoft/teams-js": "2.9.1"
    },
    "version": "1.18.2",
    "libraryName": "major-incident-management",
    "libraryId": "4d617b10-5115-4876-a2d5-105a1a7c5f03",
    "environment": "spo",
    "packageManager": "npm",
    "solutionName": "major-incident-management",
    "solutionShortDescription": "major-incident-management description",
    "skipFeatureDeployment": true,
    "isDomainIsolated": false,
    "componentType": "webpart"
  }
}
