{
  "id": "097b91ad-6bc7-41ab-bead-fb7996a2157f",
  "alias": "IncidentManagementWebPart",
  "componentType": "WebPart",
  "version": "0.0.1",
  "manifestVersion": 2,
  "requiresCustomScript": false,
  "supportedHosts": [
    "SharePointWebPart",
    "TeamsPersonalApp",
    "TeamsTab",
    "SharePointFullPage"
  ],
  "supportsThemeVariants": true,
  "preconfiguredEntries": [
    {
      "groupId": "5c03119e-3074-46fd-976b-c60198311f70",
      "group": {
        "default": "Advanced"
      },
      "title": {
        "default": "incident_Management"
      },
      "description": {
        "default": "incident_Management description"
      },
      "officeFabricIconFontName": "Page",
      "properties": {
        "description": "incident_Management"
      }
    }
  ],
  "loaderConfig": {
    "internalModuleBaseUrls": [
      "<!-- PATH TO CDN -->"
    ],
    "entryModuleId": "incident-management-web-part",
    "scriptResources": {
      "incident-management-web-part": {
        "type": "path",
        "path": "incident-management-web-part_e5213058f75bce8f8f7d.js"
      },
      "@microsoft/sp-property-pane": {
        "type": "component",
        "id": "f9e737b7-f0df-4597-ba8c-3060f82380db",
        "version": "1.17.3"
      },
      "@microsoft/sp-lodash-subset": {
        "type": "component",
        "id": "73e1dc6c-8441-42cc-ad47-4bd3659f8a3a",
        "version": "1.17.3"
      },
      "ControlStrings": {
        "type": "localizedPath",
        "paths": {
          "bg-BG": "ControlStrings_bg-bg_dc21a81e6055352d9971be6b9d48bd21.js",
          "ca-ES": "ControlStrings_ca-es_024894e468141540c4740b1843e005fe.js",
          "da-DK": "ControlStrings_da-dk_3a558f96eb4cdfadf24b2352b9db77a5.js",
          "de-DE": "ControlStrings_de-de_0d3b120c348ebb21908889f0767be20c.js",
          "el-GR": "ControlStrings_el-gr_51a24b1d8343e7dfaed7105efbe379d0.js",
          "en-US": "ControlStrings_en-us_98eb6723d9e06511f725f0720791ca37.js",
          "es-ES": "ControlStrings_es-es_53ca1151dfa6eb6bde5c70c33352d545.js",
          "et-EE": "ControlStrings_et-ee_23ef025dc181ffba49ec067e8ede5b0c.js",
          "eu-ES": "ControlStrings_eu-es_27ac52b3a73e677027ab509e2d2c327b.js",
          "fi-FI": "ControlStrings_fi-fi_757fc477c8fe0d128951247eafb93228.js",
          "fr-CA": "ControlStrings_fr-ca_2f20190bfa4a32dfd84ea2de8be1f1fd.js",
          "fr-FR": "ControlStrings_fr-fr_61836eae910ba61d3f1e0153478d3617.js",
          "it-IT": "ControlStrings_it-it_c51e11a2210f7c72789b23c4be1e9a97.js",
          "ja-JP": "ControlStrings_ja-jp_36c45186e9d69040e24a03bbd1012e42.js",
          "lt-LT": "ControlStrings_lt-lt_1c7d605793390e6fe146c50fdecb3b6e.js",
          "lv-LV": "ControlStrings_lv-lv_d0b3f37477b6dd3670130cd5f452cbc6.js",
          "nb-NO": "ControlStrings_nb-no_081860ea8dd7c63a19631497d061784b.js",
          "nl-NL": "ControlStrings_nl-nl_38a7b1798b190352a63f7ea3f030259a.js",
          "pl-PL": "ControlStrings_pl-pl_8ca2571e5618963621a1e25dd572ba61.js",
          "pt-BR": "ControlStrings_pt-br_28f579005e20f4a6b625040bf087ae8a.js",
          "pt-PT": "ControlStrings_pt-pt_9d69e5ac7eab23f8395150ad5febf2cd.js",
          "ro-RO": "ControlStrings_ro-ro_fd2e49624e6b511c523f148640805287.js",
          "ru-RU": "ControlStrings_ru-ru_9c610d5cdf81f9b4c18e91e97b16ddd4.js",
          "sk-SK": "ControlStrings_sk-sk_953babb180e1edd249040dc5fba2504a.js",
          "sr-Latn-RS": "ControlStrings_sr-latn-rs_0248c39e49b1824d4c859dc79fae7268.js",
          "sv-SE": "ControlStrings_sv-se_a5a60b40af452decd321ae2443b02fd2.js",
          "tr-TR": "ControlStrings_tr-tr_7a4ff737997c0078d6250395e7a965b4.js",
          "vi-VN": "ControlStrings_vi-vn_7267c73b84a74cdc07e565117a548bb0.js",
          "zh-CN": "ControlStrings_zh-cn_3f954ff45fd720812362279ab98b0b0f.js",
          "zh-TW": "ControlStrings_zh-tw_3e8ddf491a1a3a3c57bdf9e800c4c52d.js"
        },
        "defaultPath": "ControlStrings_en-us_98eb6723d9e06511f725f0720791ca37.js"
      },
      "IncidentManagementWebPartStrings": {
        "type": "path",
        "path": "IncidentManagementWebPartStrings_en-us_538b8a28640935efbb05f5fb825dc521.js"
      },
      "@microsoft/sp-core-library": {
        "type": "component",
        "id": "7263c7d0-1d6a-45ec-8d85-d4d1d234171b",
        "version": "1.17.3"
      },
      "@microsoft/sp-webpart-base": {
        "type": "component",
        "id": "974a7777-0990-4136-8fa6-95d80114c2e0",
        "version": "1.17.3"
      },
      "react": {
        "type": "component",
        "id": "0d910c1c-13b9-4e1c-9aa4-b008c5e42d7d",
        "version": "17.0.1"
      },
      "react-dom": {
        "type": "component",
        "id": "aa0a46ec-1505-43cd-a44a-93f3a5aa460a",
        "version": "17.0.1"
      },
      "@microsoft/sp-http": {
        "type": "component",
        "id": "c07208f0-ea3b-4c1a-9965-ac1b825211a6",
        "version": "1.17.3"
      },
      "PropertyControlStrings": {
        "type": "localizedPath",
        "paths": {
          "ar-SA": "PropertyControlStrings_ar-sa_c2bfcb8203030a4e22b6ce832477cc8d.js",
          "bg-BG": "PropertyControlStrings_bg-bg_d769b67c49a2193b7589cf77ae8f9891.js",
          "ca-ES": "PropertyControlStrings_ca-es_ae71b607bdec2062787ba9403df796a5.js",
          "cs-CZ": "PropertyControlStrings_cs-cz_387455f8d307e56df7fbea367de5d179.js",
          "da-DK": "PropertyControlStrings_da-dk_d45860d6cfeaa3a704e0633d63cc9b38.js",
          "de-DE": "PropertyControlStrings_de-de_a43d73a064d9a1d8fe9b34e3c25df91b.js",
          "el-GR": "PropertyControlStrings_el-gr_94aeac5730842371272231dbd949b55a.js",
          "en-GB": "PropertyControlStrings_en-gb_c3032ecebb1aa7193d06548b6ae783cb.js",
          "en-US": "PropertyControlStrings_en-us_c3915679a97436fd69e420b5b4064a25.js",
          "es-ES": "PropertyControlStrings_es-es_4745311c9839342364e154c4d6cdcd54.js",
          "et-EE": "PropertyControlStrings_et-ee_f2b12fcc0b1640b6c85b2f56e38be17b.js",
          "fi-FI": "PropertyControlStrings_fi-fi_6cf34edf8caf385bea84528cc386cd5f.js",
          "fr-FR": "PropertyControlStrings_fr-fr_40412f0ae3f35c004548887f7771f932.js",
          "it-IT": "PropertyControlStrings_it-it_627b6ffd0eb7e2ec2428b454eaa8cf1a.js",
          "ja-JP": "PropertyControlStrings_ja-jp_744730f9cd57ff5fa842e19feee43689.js",
          "lt-LT": "PropertyControlStrings_lt-lt_dd9c4dc605f7cc52c865e75fbe69e815.js",
          "lv-LV": "PropertyControlStrings_lv-lv_094f83cf2fa3af52b75bffbb5901884f.js",
          "nb-NO": "PropertyControlStrings_nb-no_32f68fc0283e323486d606e50d93b415.js",
          "nl-NL": "PropertyControlStrings_nl-nl_a7ff2ae2a1b24528db15f91c4a101585.js",
          "no": "PropertyControlStrings_no_9010b4d755bda00769d9ef249eafb363.js",
          "pl-PL": "PropertyControlStrings_pl-pl_d93eb3e8701bd0c9a95d61257bb9c3c6.js",
          "pt-PT": "PropertyControlStrings_pt-pt_48a0c94520a06ac244dd8bcdd8dd1af3.js",
          "ro-RO": "PropertyControlStrings_ro-ro_d3c39ea618dd810b7e965e6be29b81ce.js",
          "ru-RU": "PropertyControlStrings_ru-ru_858b38db3deb4265f0204ee5e6a73cca.js",
          "sk-SK": "PropertyControlStrings_sk-sk_ecfbffa01d2e85ea82262ea25a0bf1d2.js",
          "sr-Latn-RS": "PropertyControlStrings_sr-latn-rs_8bfa79b5cdb880bab855577fef642f5b.js",
          "sv-SE": "PropertyControlStrings_sv-se_c48b943cdb14053ff195bd6e713041a3.js",
          "tr-TR": "PropertyControlStrings_tr-tr_dd9b4d5310d9f61f6dbf497c5ac28472.js",
          "vi-VN": "PropertyControlStrings_vi-vn_07c1001da775bf2ce49d534eb2c13f7e.js",
          "zh-CN": "PropertyControlStrings_zh-cn_b6ff4b7c62d86fb9c2631b9ae98ff1b7.js",
          "zh-TW": "PropertyControlStrings_zh-tw_54b7510d208fa574ce536c9a8a82179e.js"
        },
        "defaultPath": "PropertyControlStrings_en-us_c3915679a97436fd69e420b5b4064a25.js"
      }
    }
  }
}