[{"id":"73e1dc6c-8441-42cc-ad47-4bd3659f8a3a","alias":"SPLodashSubset","componentType":"Library","version":"1.17.3","manifestVersion":2,"loaderConfig":{"internalModuleBaseUrls":["https://localhost:4321/node_modules/@microsoft/sp-lodash-subset/dist/"],"entryModuleId":"sp-lodash-subset","scriptResources":{"sp-lodash-subset":{"type":"path","path":"sp-lodash-subset_78284832ee5896f661a3.js"}}}},{"id":"7263c7d0-1d6a-45ec-8d85-d4d1d234171b","alias":"SPCoreLibrary","componentType":"Library","version":"1.17.3","manifestVersion":2,"loaderConfig":{"internalModuleBaseUrls":["https://localhost:4321/node_modules/@microsoft/sp-core-library/dist/","https://localhost:4321/dist/"],"entryModuleId":"sp-core-library","scriptResources":{"sp-core-library":{"type":"localizedPath","paths":{"default":"sp-core-library_default_dd30c52172af3cfbee89.js","en-US":"sp-core-library_en-us_dd30c52172af3cfbee89.js","qps-ploca":"sp-core-library_qps-ploca_dd30c52172af3cfbee89.js","qps-ploc":"sp-core-library_qps-ploc_dd30c52172af3cfbee89.js","en-GB":"sp-core-library_en-us_dd30c52172af3cfbee89.js","en-NZ":"sp-core-library_en-us_dd30c52172af3cfbee89.js","en-IE":"sp-core-library_en-us_dd30c52172af3cfbee89.js","en-AU":"sp-core-library_en-us_dd30c52172af3cfbee89.js","bn":"sp-core-library_en-us_dd30c52172af3cfbee89.js","chr":"sp-core-library_en-us_dd30c52172af3cfbee89.js","dv":"sp-core-library_en-us_dd30c52172af3cfbee89.js","div":"sp-core-library_en-us_dd30c52172af3cfbee89.js","en":"sp-core-library_en-us_dd30c52172af3cfbee89.js","fil":"sp-core-library_en-us_dd30c52172af3cfbee89.js","haw":"sp-core-library_en-us_dd30c52172af3cfbee89.js","iu":"sp-core-library_en-us_dd30c52172af3cfbee89.js","lo":"sp-core-library_en-us_dd30c52172af3cfbee89.js","moh":"sp-core-library_en-us_dd30c52172af3cfbee89.js","sq":"sp-core-library_en-us_dd30c52172af3cfbee89.js","am":"sp-core-library_en-us_dd30c52172af3cfbee89.js","hy":"sp-core-library_en-us_dd30c52172af3cfbee89.js","mk":"sp-core-library_en-us_dd30c52172af3cfbee89.js","bs":"sp-core-library_en-us_dd30c52172af3cfbee89.js","my":"sp-core-library_en-us_dd30c52172af3cfbee89.js","dz":"sp-core-library_en-us_dd30c52172af3cfbee89.js","en-CY":"sp-core-library_en-us_dd30c52172af3cfbee89.js","en-EG":"sp-core-library_en-us_dd30c52172af3cfbee89.js","en-IL":"sp-core-library_en-us_dd30c52172af3cfbee89.js","en-IS":"sp-core-library_en-us_dd30c52172af3cfbee89.js","en-JO":"sp-core-library_en-us_dd30c52172af3cfbee89.js","en-KE":"sp-core-library_en-us_dd30c52172af3cfbee89.js","en-KW":"sp-core-library_en-us_dd30c52172af3cfbee89.js","en-MK":"sp-core-library_en-us_dd30c52172af3cfbee89.js","en-MT":"sp-core-library_en-us_dd30c52172af3cfbee89.js","en-PK":"sp-core-library_en-us_dd30c52172af3cfbee89.js","en-QA":"sp-core-library_en-us_dd30c52172af3cfbee89.js","en-SA":"sp-core-library_en-us_dd30c52172af3cfbee89.js","en-LK":"sp-core-library_en-us_dd30c52172af3cfbee89.js","en-AE":"sp-core-library_en-us_dd30c52172af3cfbee89.js","en-VN":"sp-core-library_en-us_dd30c52172af3cfbee89.js","is":"sp-core-library_en-us_dd30c52172af3cfbee89.js","km":"sp-core-library_en-us_dd30c52172af3cfbee89.js","kh":"sp-core-library_en-us_dd30c52172af3cfbee89.js","mt":"sp-core-library_en-us_dd30c52172af3cfbee89.js","fa":"sp-core-library_en-us_dd30c52172af3cfbee89.js","gd":"sp-core-library_en-us_dd30c52172af3cfbee89.js","sr-Cyrl-BA":"sp-core-library_en-us_dd30c52172af3cfbee89.js","sr-Latn-BA":"sp-core-library_en-us_dd30c52172af3cfbee89.js","sd":"sp-core-library_en-us_dd30c52172af3cfbee89.js","si":"sp-core-library_en-us_dd30c52172af3cfbee89.js","so":"sp-core-library_en-us_dd30c52172af3cfbee89.js","ti-ET":"sp-core-library_en-us_dd30c52172af3cfbee89.js","uz":"sp-core-library_en-us_dd30c52172af3cfbee89.js","en-SG":"sp-core-library_en-us_dd30c52172af3cfbee89.js","en-HK":"sp-core-library_en-us_dd30c52172af3cfbee89.js","en-MY":"sp-core-library_en-us_dd30c52172af3cfbee89.js","en-PH":"sp-core-library_en-us_dd30c52172af3cfbee89.js","en-TT":"sp-core-library_en-us_dd30c52172af3cfbee89.js","en-AZ":"sp-core-library_en-us_dd30c52172af3cfbee89.js","en-BH":"sp-core-library_en-us_dd30c52172af3cfbee89.js","en-BN":"sp-core-library_en-us_dd30c52172af3cfbee89.js","en-ID":"sp-core-library_en-us_dd30c52172af3cfbee89.js","mi":"sp-core-library_en-us_dd30c52172af3cfbee89.js"},"defaultPath":"sp-core-library_default_dd30c52172af3cfbee89.js"},"tslib":{"type":"component","id":"01c4df03-e775-48cb-aa14-171ee5199a15","version":"2.3.1"},"@ms/odsp-core-bundle":{"type":"component","id":"2e09fb9b-13bb-48f2-859f-97d6fff71176","version":"1.3.154"}}}},{"manifestVersion":2,"id":"78359e4b-07c2-43c6-8d0b-d060b4d577e8","alias":"SPDiagnostics","componentType":"Library","version":"1.17.3","loaderConfig":{"internalModuleBaseUrls":["https://localhost:4321/node_modules/@microsoft/sp-diagnostics/dist/","https://localhost:4321/dist/"],"entryModuleId":"sp-diagnostics","scriptResources":{"sp-diagnostics":{"type":"path","path":"sp-diagnostics_none_8271cce56dd0a5ab08b9.js"},"tslib":{"type":"component","id":"01c4df03-e775-48cb-aa14-171ee5199a15","version":"2.3.1"},"@microsoft/sp-lodash-subset":{"type":"component","id":"73e1dc6c-8441-42cc-ad47-4bd3659f8a3a","version":"1.17.3"},"@microsoft/sp-core-library":{"type":"component","id":"7263c7d0-1d6a-45ec-8d85-d4d1d234171b","version":"1.17.3"}}}},{"manifestVersion":2,"id":"e40f8203-b39d-425a-a957-714852e33b79","alias":"SPDynamicData","componentType":"Library","version":"1.17.3","loaderConfig":{"internalModuleBaseUrls":["https://localhost:4321/node_modules/@microsoft/sp-dynamic-data/dist/","https://localhost:4321/dist/"],"entryModuleId":"sp-dynamic-data","scriptResources":{"sp-dynamic-data":{"type":"localizedPath","paths":{"default":"sp-dynamic-data_default_d87d1fa00d841da7d53c.js","en-US":"sp-dynamic-data_en-us_d87d1fa00d841da7d53c.js","qps-ploca":"sp-dynamic-data_qps-ploca_d87d1fa00d841da7d53c.js","qps-ploc":"sp-dynamic-data_qps-ploc_d87d1fa00d841da7d53c.js","en-GB":"sp-dynamic-data_en-us_d87d1fa00d841da7d53c.js","en-NZ":"sp-dynamic-data_en-us_d87d1fa00d841da7d53c.js","en-IE":"sp-dynamic-data_en-us_d87d1fa00d841da7d53c.js","en-AU":"sp-dynamic-data_en-us_d87d1fa00d841da7d53c.js","bn":"sp-dynamic-data_en-us_d87d1fa00d841da7d53c.js","chr":"sp-dynamic-data_en-us_d87d1fa00d841da7d53c.js","dv":"sp-dynamic-data_en-us_d87d1fa00d841da7d53c.js","div":"sp-dynamic-data_en-us_d87d1fa00d841da7d53c.js","en":"sp-dynamic-data_en-us_d87d1fa00d841da7d53c.js","fil":"sp-dynamic-data_en-us_d87d1fa00d841da7d53c.js","haw":"sp-dynamic-data_en-us_d87d1fa00d841da7d53c.js","iu":"sp-dynamic-data_en-us_d87d1fa00d841da7d53c.js","lo":"sp-dynamic-data_en-us_d87d1fa00d841da7d53c.js","moh":"sp-dynamic-data_en-us_d87d1fa00d841da7d53c.js","sq":"sp-dynamic-data_en-us_d87d1fa00d841da7d53c.js","am":"sp-dynamic-data_en-us_d87d1fa00d841da7d53c.js","hy":"sp-dynamic-data_en-us_d87d1fa00d841da7d53c.js","mk":"sp-dynamic-data_en-us_d87d1fa00d841da7d53c.js","bs":"sp-dynamic-data_en-us_d87d1fa00d841da7d53c.js","my":"sp-dynamic-data_en-us_d87d1fa00d841da7d53c.js","dz":"sp-dynamic-data_en-us_d87d1fa00d841da7d53c.js","en-CY":"sp-dynamic-data_en-us_d87d1fa00d841da7d53c.js","en-EG":"sp-dynamic-data_en-us_d87d1fa00d841da7d53c.js","en-IL":"sp-dynamic-data_en-us_d87d1fa00d841da7d53c.js","en-IS":"sp-dynamic-data_en-us_d87d1fa00d841da7d53c.js","en-JO":"sp-dynamic-data_en-us_d87d1fa00d841da7d53c.js","en-KE":"sp-dynamic-data_en-us_d87d1fa00d841da7d53c.js","en-KW":"sp-dynamic-data_en-us_d87d1fa00d841da7d53c.js","en-MK":"sp-dynamic-data_en-us_d87d1fa00d841da7d53c.js","en-MT":"sp-dynamic-data_en-us_d87d1fa00d841da7d53c.js","en-PK":"sp-dynamic-data_en-us_d87d1fa00d841da7d53c.js","en-QA":"sp-dynamic-data_en-us_d87d1fa00d841da7d53c.js","en-SA":"sp-dynamic-data_en-us_d87d1fa00d841da7d53c.js","en-LK":"sp-dynamic-data_en-us_d87d1fa00d841da7d53c.js","en-AE":"sp-dynamic-data_en-us_d87d1fa00d841da7d53c.js","en-VN":"sp-dynamic-data_en-us_d87d1fa00d841da7d53c.js","is":"sp-dynamic-data_en-us_d87d1fa00d841da7d53c.js","km":"sp-dynamic-data_en-us_d87d1fa00d841da7d53c.js","kh":"sp-dynamic-data_en-us_d87d1fa00d841da7d53c.js","mt":"sp-dynamic-data_en-us_d87d1fa00d841da7d53c.js","fa":"sp-dynamic-data_en-us_d87d1fa00d841da7d53c.js","gd":"sp-dynamic-data_en-us_d87d1fa00d841da7d53c.js","sr-Cyrl-BA":"sp-dynamic-data_en-us_d87d1fa00d841da7d53c.js","sr-Latn-BA":"sp-dynamic-data_en-us_d87d1fa00d841da7d53c.js","sd":"sp-dynamic-data_en-us_d87d1fa00d841da7d53c.js","si":"sp-dynamic-data_en-us_d87d1fa00d841da7d53c.js","so":"sp-dynamic-data_en-us_d87d1fa00d841da7d53c.js","ti-ET":"sp-dynamic-data_en-us_d87d1fa00d841da7d53c.js","uz":"sp-dynamic-data_en-us_d87d1fa00d841da7d53c.js","en-SG":"sp-dynamic-data_en-us_d87d1fa00d841da7d53c.js","en-HK":"sp-dynamic-data_en-us_d87d1fa00d841da7d53c.js","en-MY":"sp-dynamic-data_en-us_d87d1fa00d841da7d53c.js","en-PH":"sp-dynamic-data_en-us_d87d1fa00d841da7d53c.js","en-TT":"sp-dynamic-data_en-us_d87d1fa00d841da7d53c.js","en-AZ":"sp-dynamic-data_en-us_d87d1fa00d841da7d53c.js","en-BH":"sp-dynamic-data_en-us_d87d1fa00d841da7d53c.js","en-BN":"sp-dynamic-data_en-us_d87d1fa00d841da7d53c.js","en-ID":"sp-dynamic-data_en-us_d87d1fa00d841da7d53c.js","mi":"sp-dynamic-data_en-us_d87d1fa00d841da7d53c.js"},"defaultPath":"sp-dynamic-data_default_d87d1fa00d841da7d53c.js"},"@microsoft/sp-lodash-subset":{"type":"component","id":"73e1dc6c-8441-42cc-ad47-4bd3659f8a3a","version":"1.17.3"},"@microsoft/sp-core-library":{"type":"component","id":"7263c7d0-1d6a-45ec-8d85-d4d1d234171b","version":"1.17.3"},"@microsoft/sp-diagnostics":{"type":"component","id":"78359e4b-07c2-43c6-8d0b-d060b4d577e8","version":"1.17.3"}}}},{"id":"1c4541f7-5c31-41aa-9fa8-fbc9dc14c0a8","alias":"SPPageContext","componentType":"Library","version":"1.17.3","manifestVersion":2,"loaderConfig":{"internalModuleBaseUrls":["https://localhost:4321/node_modules/@microsoft/sp-page-context/dist/","https://localhost:4321/dist/"],"entryModuleId":"sp-page-context","scriptResources":{"sp-page-context":{"type":"localizedPath","paths":{"default":"sp-page-context_default_b91bff26935f21fb941b.js","en-US":"sp-page-context_en-us_b91bff26935f21fb941b.js","qps-ploca":"sp-page-context_qps-ploca_b91bff26935f21fb941b.js","qps-ploc":"sp-page-context_qps-ploc_b91bff26935f21fb941b.js","en-GB":"sp-page-context_en-us_b91bff26935f21fb941b.js","en-NZ":"sp-page-context_en-us_b91bff26935f21fb941b.js","en-IE":"sp-page-context_en-us_b91bff26935f21fb941b.js","en-AU":"sp-page-context_en-us_b91bff26935f21fb941b.js","bn":"sp-page-context_en-us_b91bff26935f21fb941b.js","chr":"sp-page-context_en-us_b91bff26935f21fb941b.js","dv":"sp-page-context_en-us_b91bff26935f21fb941b.js","div":"sp-page-context_en-us_b91bff26935f21fb941b.js","en":"sp-page-context_en-us_b91bff26935f21fb941b.js","fil":"sp-page-context_en-us_b91bff26935f21fb941b.js","haw":"sp-page-context_en-us_b91bff26935f21fb941b.js","iu":"sp-page-context_en-us_b91bff26935f21fb941b.js","lo":"sp-page-context_en-us_b91bff26935f21fb941b.js","moh":"sp-page-context_en-us_b91bff26935f21fb941b.js","sq":"sp-page-context_en-us_b91bff26935f21fb941b.js","am":"sp-page-context_en-us_b91bff26935f21fb941b.js","hy":"sp-page-context_en-us_b91bff26935f21fb941b.js","mk":"sp-page-context_en-us_b91bff26935f21fb941b.js","bs":"sp-page-context_en-us_b91bff26935f21fb941b.js","my":"sp-page-context_en-us_b91bff26935f21fb941b.js","dz":"sp-page-context_en-us_b91bff26935f21fb941b.js","en-CY":"sp-page-context_en-us_b91bff26935f21fb941b.js","en-EG":"sp-page-context_en-us_b91bff26935f21fb941b.js","en-IL":"sp-page-context_en-us_b91bff26935f21fb941b.js","en-IS":"sp-page-context_en-us_b91bff26935f21fb941b.js","en-JO":"sp-page-context_en-us_b91bff26935f21fb941b.js","en-KE":"sp-page-context_en-us_b91bff26935f21fb941b.js","en-KW":"sp-page-context_en-us_b91bff26935f21fb941b.js","en-MK":"sp-page-context_en-us_b91bff26935f21fb941b.js","en-MT":"sp-page-context_en-us_b91bff26935f21fb941b.js","en-PK":"sp-page-context_en-us_b91bff26935f21fb941b.js","en-QA":"sp-page-context_en-us_b91bff26935f21fb941b.js","en-SA":"sp-page-context_en-us_b91bff26935f21fb941b.js","en-LK":"sp-page-context_en-us_b91bff26935f21fb941b.js","en-AE":"sp-page-context_en-us_b91bff26935f21fb941b.js","en-VN":"sp-page-context_en-us_b91bff26935f21fb941b.js","is":"sp-page-context_en-us_b91bff26935f21fb941b.js","km":"sp-page-context_en-us_b91bff26935f21fb941b.js","kh":"sp-page-context_en-us_b91bff26935f21fb941b.js","mt":"sp-page-context_en-us_b91bff26935f21fb941b.js","fa":"sp-page-context_en-us_b91bff26935f21fb941b.js","gd":"sp-page-context_en-us_b91bff26935f21fb941b.js","sr-Cyrl-BA":"sp-page-context_en-us_b91bff26935f21fb941b.js","sr-Latn-BA":"sp-page-context_en-us_b91bff26935f21fb941b.js","sd":"sp-page-context_en-us_b91bff26935f21fb941b.js","si":"sp-page-context_en-us_b91bff26935f21fb941b.js","so":"sp-page-context_en-us_b91bff26935f21fb941b.js","ti-ET":"sp-page-context_en-us_b91bff26935f21fb941b.js","uz":"sp-page-context_en-us_b91bff26935f21fb941b.js","en-SG":"sp-page-context_en-us_b91bff26935f21fb941b.js","en-HK":"sp-page-context_en-us_b91bff26935f21fb941b.js","en-MY":"sp-page-context_en-us_b91bff26935f21fb941b.js","en-PH":"sp-page-context_en-us_b91bff26935f21fb941b.js","en-TT":"sp-page-context_en-us_b91bff26935f21fb941b.js","en-AZ":"sp-page-context_en-us_b91bff26935f21fb941b.js","en-BH":"sp-page-context_en-us_b91bff26935f21fb941b.js","en-BN":"sp-page-context_en-us_b91bff26935f21fb941b.js","en-ID":"sp-page-context_en-us_b91bff26935f21fb941b.js","mi":"sp-page-context_en-us_b91bff26935f21fb941b.js"},"defaultPath":"sp-page-context_default_b91bff26935f21fb941b.js"},"tslib":{"type":"component","id":"01c4df03-e775-48cb-aa14-171ee5199a15","version":"2.3.1"},"@microsoft/sp-dynamic-data":{"type":"component","id":"e40f8203-b39d-425a-a957-714852e33b79","version":"1.17.3"},"@microsoft/sp-core-library":{"type":"component","id":"7263c7d0-1d6a-45ec-8d85-d4d1d234171b","version":"1.17.3"},"@microsoft/sp-diagnostics":{"type":"component","id":"78359e4b-07c2-43c6-8d0b-d060b4d577e8","version":"1.17.3"}}}},{"manifestVersion":2,"id":"8496636c-2300-4915-abef-20de64c98d8b","alias":"@microsoft/sp-http-base","componentType":"Library","version":"1.17.3","loaderConfig":{"internalModuleBaseUrls":["https://localhost:4321/node_modules/@microsoft/sp-http-base/dist/","https://localhost:4321/dist/"],"entryModuleId":"sp-http-base","scriptResources":{"sp-http-base":{"type":"localizedPath","paths":{"default":"sp-http-base_default_d166b3d44697015b9a1b.js","en-US":"sp-http-base_en-us_d166b3d44697015b9a1b.js","qps-ploca":"sp-http-base_qps-ploca_d166b3d44697015b9a1b.js","qps-ploc":"sp-http-base_qps-ploc_d166b3d44697015b9a1b.js","en-GB":"sp-http-base_en-us_d166b3d44697015b9a1b.js","en-NZ":"sp-http-base_en-us_d166b3d44697015b9a1b.js","en-IE":"sp-http-base_en-us_d166b3d44697015b9a1b.js","en-AU":"sp-http-base_en-us_d166b3d44697015b9a1b.js","bn":"sp-http-base_en-us_d166b3d44697015b9a1b.js","chr":"sp-http-base_en-us_d166b3d44697015b9a1b.js","dv":"sp-http-base_en-us_d166b3d44697015b9a1b.js","div":"sp-http-base_en-us_d166b3d44697015b9a1b.js","en":"sp-http-base_en-us_d166b3d44697015b9a1b.js","fil":"sp-http-base_en-us_d166b3d44697015b9a1b.js","haw":"sp-http-base_en-us_d166b3d44697015b9a1b.js","iu":"sp-http-base_en-us_d166b3d44697015b9a1b.js","lo":"sp-http-base_en-us_d166b3d44697015b9a1b.js","moh":"sp-http-base_en-us_d166b3d44697015b9a1b.js","sq":"sp-http-base_en-us_d166b3d44697015b9a1b.js","am":"sp-http-base_en-us_d166b3d44697015b9a1b.js","hy":"sp-http-base_en-us_d166b3d44697015b9a1b.js","mk":"sp-http-base_en-us_d166b3d44697015b9a1b.js","bs":"sp-http-base_en-us_d166b3d44697015b9a1b.js","my":"sp-http-base_en-us_d166b3d44697015b9a1b.js","dz":"sp-http-base_en-us_d166b3d44697015b9a1b.js","en-CY":"sp-http-base_en-us_d166b3d44697015b9a1b.js","en-EG":"sp-http-base_en-us_d166b3d44697015b9a1b.js","en-IL":"sp-http-base_en-us_d166b3d44697015b9a1b.js","en-IS":"sp-http-base_en-us_d166b3d44697015b9a1b.js","en-JO":"sp-http-base_en-us_d166b3d44697015b9a1b.js","en-KE":"sp-http-base_en-us_d166b3d44697015b9a1b.js","en-KW":"sp-http-base_en-us_d166b3d44697015b9a1b.js","en-MK":"sp-http-base_en-us_d166b3d44697015b9a1b.js","en-MT":"sp-http-base_en-us_d166b3d44697015b9a1b.js","en-PK":"sp-http-base_en-us_d166b3d44697015b9a1b.js","en-QA":"sp-http-base_en-us_d166b3d44697015b9a1b.js","en-SA":"sp-http-base_en-us_d166b3d44697015b9a1b.js","en-LK":"sp-http-base_en-us_d166b3d44697015b9a1b.js","en-AE":"sp-http-base_en-us_d166b3d44697015b9a1b.js","en-VN":"sp-http-base_en-us_d166b3d44697015b9a1b.js","is":"sp-http-base_en-us_d166b3d44697015b9a1b.js","km":"sp-http-base_en-us_d166b3d44697015b9a1b.js","kh":"sp-http-base_en-us_d166b3d44697015b9a1b.js","mt":"sp-http-base_en-us_d166b3d44697015b9a1b.js","fa":"sp-http-base_en-us_d166b3d44697015b9a1b.js","gd":"sp-http-base_en-us_d166b3d44697015b9a1b.js","sr-Cyrl-BA":"sp-http-base_en-us_d166b3d44697015b9a1b.js","sr-Latn-BA":"sp-http-base_en-us_d166b3d44697015b9a1b.js","sd":"sp-http-base_en-us_d166b3d44697015b9a1b.js","si":"sp-http-base_en-us_d166b3d44697015b9a1b.js","so":"sp-http-base_en-us_d166b3d44697015b9a1b.js","ti-ET":"sp-http-base_en-us_d166b3d44697015b9a1b.js","uz":"sp-http-base_en-us_d166b3d44697015b9a1b.js","en-SG":"sp-http-base_en-us_d166b3d44697015b9a1b.js","en-HK":"sp-http-base_en-us_d166b3d44697015b9a1b.js","en-MY":"sp-http-base_en-us_d166b3d44697015b9a1b.js","en-PH":"sp-http-base_en-us_d166b3d44697015b9a1b.js","en-TT":"sp-http-base_en-us_d166b3d44697015b9a1b.js","en-AZ":"sp-http-base_en-us_d166b3d44697015b9a1b.js","en-BH":"sp-http-base_en-us_d166b3d44697015b9a1b.js","en-BN":"sp-http-base_en-us_d166b3d44697015b9a1b.js","en-ID":"sp-http-base_en-us_d166b3d44697015b9a1b.js","mi":"sp-http-base_en-us_d166b3d44697015b9a1b.js"},"defaultPath":"sp-http-base_default_d166b3d44697015b9a1b.js"},"tslib":{"type":"component","id":"01c4df03-e775-48cb-aa14-171ee5199a15","version":"2.3.1"},"@ms/sp-telemetry":{"type":"component","id":"8217e442-8ed3-41fd-957d-b112e841286a","version":"0.28.16"},"@ms/odsp-core-bundle":{"type":"component","id":"2e09fb9b-13bb-48f2-859f-97d6fff71176","version":"1.3.154"},"@microsoft/sp-core-library":{"type":"component","id":"7263c7d0-1d6a-45ec-8d85-d4d1d234171b","version":"1.17.3"},"@microsoft/sp-page-context":{"type":"component","id":"1c4541f7-5c31-41aa-9fa8-fbc9dc14c0a8","version":"1.17.3"},"@microsoft/sp-diagnostics":{"type":"component","id":"78359e4b-07c2-43c6-8d0b-d060b4d577e8","version":"1.17.3"}}}},{"id":"1c6c9123-7aac-41f3-a376-3caea41ed83f","alias":"SPLoader","componentType":"Library","version":"1.17.3","manifestVersion":2,"loaderConfig":{"internalModuleBaseUrls":["https://localhost:4321/node_modules/@microsoft/sp-loader/dist/","https://localhost:54321/dist/"],"entryModuleId":"sp-loader","scriptResources":{"sp-loader":{"type":"localizedPath","paths":{"default":"sp-loader_default_580e196b280b03ac4be1.js","en-US":"sp-loader_en-us_580e196b280b03ac4be1.js","qps-ploca":"sp-loader_qps-ploca_580e196b280b03ac4be1.js","qps-ploc":"sp-loader_qps-ploc_580e196b280b03ac4be1.js","en-GB":"sp-loader_en-us_580e196b280b03ac4be1.js","en-NZ":"sp-loader_en-us_580e196b280b03ac4be1.js","en-IE":"sp-loader_en-us_580e196b280b03ac4be1.js","en-AU":"sp-loader_en-us_580e196b280b03ac4be1.js","bn":"sp-loader_en-us_580e196b280b03ac4be1.js","chr":"sp-loader_en-us_580e196b280b03ac4be1.js","dv":"sp-loader_en-us_580e196b280b03ac4be1.js","div":"sp-loader_en-us_580e196b280b03ac4be1.js","en":"sp-loader_en-us_580e196b280b03ac4be1.js","fil":"sp-loader_en-us_580e196b280b03ac4be1.js","haw":"sp-loader_en-us_580e196b280b03ac4be1.js","iu":"sp-loader_en-us_580e196b280b03ac4be1.js","lo":"sp-loader_en-us_580e196b280b03ac4be1.js","moh":"sp-loader_en-us_580e196b280b03ac4be1.js","sq":"sp-loader_en-us_580e196b280b03ac4be1.js","am":"sp-loader_en-us_580e196b280b03ac4be1.js","hy":"sp-loader_en-us_580e196b280b03ac4be1.js","mk":"sp-loader_en-us_580e196b280b03ac4be1.js","bs":"sp-loader_en-us_580e196b280b03ac4be1.js","my":"sp-loader_en-us_580e196b280b03ac4be1.js","dz":"sp-loader_en-us_580e196b280b03ac4be1.js","en-CY":"sp-loader_en-us_580e196b280b03ac4be1.js","en-EG":"sp-loader_en-us_580e196b280b03ac4be1.js","en-IL":"sp-loader_en-us_580e196b280b03ac4be1.js","en-IS":"sp-loader_en-us_580e196b280b03ac4be1.js","en-JO":"sp-loader_en-us_580e196b280b03ac4be1.js","en-KE":"sp-loader_en-us_580e196b280b03ac4be1.js","en-KW":"sp-loader_en-us_580e196b280b03ac4be1.js","en-MK":"sp-loader_en-us_580e196b280b03ac4be1.js","en-MT":"sp-loader_en-us_580e196b280b03ac4be1.js","en-PK":"sp-loader_en-us_580e196b280b03ac4be1.js","en-QA":"sp-loader_en-us_580e196b280b03ac4be1.js","en-SA":"sp-loader_en-us_580e196b280b03ac4be1.js","en-LK":"sp-loader_en-us_580e196b280b03ac4be1.js","en-AE":"sp-loader_en-us_580e196b280b03ac4be1.js","en-VN":"sp-loader_en-us_580e196b280b03ac4be1.js","is":"sp-loader_en-us_580e196b280b03ac4be1.js","km":"sp-loader_en-us_580e196b280b03ac4be1.js","kh":"sp-loader_en-us_580e196b280b03ac4be1.js","mt":"sp-loader_en-us_580e196b280b03ac4be1.js","fa":"sp-loader_en-us_580e196b280b03ac4be1.js","gd":"sp-loader_en-us_580e196b280b03ac4be1.js","sr-Cyrl-BA":"sp-loader_en-us_580e196b280b03ac4be1.js","sr-Latn-BA":"sp-loader_en-us_580e196b280b03ac4be1.js","sd":"sp-loader_en-us_580e196b280b03ac4be1.js","si":"sp-loader_en-us_580e196b280b03ac4be1.js","so":"sp-loader_en-us_580e196b280b03ac4be1.js","ti-ET":"sp-loader_en-us_580e196b280b03ac4be1.js","uz":"sp-loader_en-us_580e196b280b03ac4be1.js","en-SG":"sp-loader_en-us_580e196b280b03ac4be1.js","en-HK":"sp-loader_en-us_580e196b280b03ac4be1.js","en-MY":"sp-loader_en-us_580e196b280b03ac4be1.js","en-PH":"sp-loader_en-us_580e196b280b03ac4be1.js","en-TT":"sp-loader_en-us_580e196b280b03ac4be1.js","en-AZ":"sp-loader_en-us_580e196b280b03ac4be1.js","en-BH":"sp-loader_en-us_580e196b280b03ac4be1.js","en-BN":"sp-loader_en-us_580e196b280b03ac4be1.js","en-ID":"sp-loader_en-us_580e196b280b03ac4be1.js","mi":"sp-loader_en-us_580e196b280b03ac4be1.js"},"defaultPath":"sp-loader_default_580e196b280b03ac4be1.js"},"tslib":{"type":"component","id":"01c4df03-e775-48cb-aa14-171ee5199a15","version":"2.3.1"},"@microsoft/sp-http-base":{"type":"component","id":"8496636c-2300-4915-abef-20de64c98d8b","version":"1.17.3"},"@ms/sp-telemetry":{"type":"component","id":"8217e442-8ed3-41fd-957d-b112e841286a","version":"0.28.16"},"@microsoft/sp-dynamic-data":{"type":"component","id":"e40f8203-b39d-425a-a957-714852e33b79","version":"1.17.3"},"@microsoft/sp-lodash-subset":{"type":"component","id":"73e1dc6c-8441-42cc-ad47-4bd3659f8a3a","version":"1.17.3"},"@microsoft/sp-core-library":{"type":"component","id":"7263c7d0-1d6a-45ec-8d85-d4d1d234171b","version":"1.17.3"},"@microsoft/sp-page-context":{"type":"component","id":"1c4541f7-5c31-41aa-9fa8-fbc9dc14c0a8","version":"1.17.3"},"@microsoft/load-themed-styles":{"type":"component","id":"229b8d08-79f3-438b-8c21-4613fc877abd","version":"0.1.2"},"@microsoft/sp-diagnostics":{"type":"component","id":"78359e4b-07c2-43c6-8d0b-d060b4d577e8","version":"1.17.3"}}}},{"manifestVersion":2,"componentType":"Library","id":"44bae1a2-d2eb-4e10-8c21-a1dbdce1036f","alias":"sp-loader-assembly","isInternal":true,"version":"1.0.0","rootComponentId":"1c6c9123-7aac-41f3-a376-3caea41ed83f","requiresCustomScript":false,"loaderConfig":{"internalModuleBaseUrls":["https://localhost:4321/node_modules/@microsoft/sp-loader/dist/"],"entryModuleId":"sp-loader-assembly","scriptResources":{"sp-loader-assembly":{"type":"localizedPath","paths":{"default":"sp-loader-assembly_default.js","en-US":"sp-loader-assembly_en-us.js","qps-ploca":"sp-loader-assembly_qps-ploca.js","qps-ploc":"sp-loader-assembly_qps-ploc.js","en-GB":"sp-loader-assembly_en-us.js","en-NZ":"sp-loader-assembly_en-us.js","en-IE":"sp-loader-assembly_en-us.js","en-AU":"sp-loader-assembly_en-us.js","bn":"sp-loader-assembly_en-us.js","chr":"sp-loader-assembly_en-us.js","dv":"sp-loader-assembly_en-us.js","div":"sp-loader-assembly_en-us.js","en":"sp-loader-assembly_en-us.js","fil":"sp-loader-assembly_en-us.js","haw":"sp-loader-assembly_en-us.js","iu":"sp-loader-assembly_en-us.js","lo":"sp-loader-assembly_en-us.js","moh":"sp-loader-assembly_en-us.js","sq":"sp-loader-assembly_en-us.js","am":"sp-loader-assembly_en-us.js","hy":"sp-loader-assembly_en-us.js","mk":"sp-loader-assembly_en-us.js","bs":"sp-loader-assembly_en-us.js","my":"sp-loader-assembly_en-us.js","dz":"sp-loader-assembly_en-us.js","en-CY":"sp-loader-assembly_en-us.js","en-EG":"sp-loader-assembly_en-us.js","en-IL":"sp-loader-assembly_en-us.js","en-IS":"sp-loader-assembly_en-us.js","en-JO":"sp-loader-assembly_en-us.js","en-KE":"sp-loader-assembly_en-us.js","en-KW":"sp-loader-assembly_en-us.js","en-MK":"sp-loader-assembly_en-us.js","en-MT":"sp-loader-assembly_en-us.js","en-PK":"sp-loader-assembly_en-us.js","en-QA":"sp-loader-assembly_en-us.js","en-SA":"sp-loader-assembly_en-us.js","en-LK":"sp-loader-assembly_en-us.js","en-AE":"sp-loader-assembly_en-us.js","en-VN":"sp-loader-assembly_en-us.js","is":"sp-loader-assembly_en-us.js","km":"sp-loader-assembly_en-us.js","kh":"sp-loader-assembly_en-us.js","mt":"sp-loader-assembly_en-us.js","fa":"sp-loader-assembly_en-us.js","gd":"sp-loader-assembly_en-us.js","sr-Cyrl-BA":"sp-loader-assembly_en-us.js","sr-Latn-BA":"sp-loader-assembly_en-us.js","sd":"sp-loader-assembly_en-us.js","si":"sp-loader-assembly_en-us.js","so":"sp-loader-assembly_en-us.js","ti-ET":"sp-loader-assembly_en-us.js","uz":"sp-loader-assembly_en-us.js","en-SG":"sp-loader-assembly_en-us.js","en-HK":"sp-loader-assembly_en-us.js","en-MY":"sp-loader-assembly_en-us.js","en-PH":"sp-loader-assembly_en-us.js","en-TT":"sp-loader-assembly_en-us.js","en-AZ":"sp-loader-assembly_en-us.js","en-BH":"sp-loader-assembly_en-us.js","en-BN":"sp-loader-assembly_en-us.js","en-ID":"sp-loader-assembly_en-us.js","mi":"sp-loader-assembly_en-us.js"},"defaultPath":"sp-loader-assembly_default.js"}}}},{"manifestVersion":2,"id":"aec2bbfd-a968-4d5b-a279-12e570f378e6","alias":"@microsoft/sp-http-msgraph","componentType":"Library","version":"1.17.3","loaderConfig":{"internalModuleBaseUrls":["https://localhost:4321/node_modules/@microsoft/sp-http-msgraph/dist/","https://localhost:4321/dist/"],"entryModuleId":"sp-http-msgraph","scriptResources":{"sp-http-msgraph":{"type":"localizedPath","paths":{"default":"sp-http-msgraph_default_a452df30d5f2d0050d4e.js","en-US":"sp-http-msgraph_en-us_a452df30d5f2d0050d4e.js","qps-ploca":"sp-http-msgraph_qps-ploca_a452df30d5f2d0050d4e.js","qps-ploc":"sp-http-msgraph_qps-ploc_a452df30d5f2d0050d4e.js","en-GB":"sp-http-msgraph_en-us_a452df30d5f2d0050d4e.js","en-NZ":"sp-http-msgraph_en-us_a452df30d5f2d0050d4e.js","en-IE":"sp-http-msgraph_en-us_a452df30d5f2d0050d4e.js","en-AU":"sp-http-msgraph_en-us_a452df30d5f2d0050d4e.js","bn":"sp-http-msgraph_en-us_a452df30d5f2d0050d4e.js","chr":"sp-http-msgraph_en-us_a452df30d5f2d0050d4e.js","dv":"sp-http-msgraph_en-us_a452df30d5f2d0050d4e.js","div":"sp-http-msgraph_en-us_a452df30d5f2d0050d4e.js","en":"sp-http-msgraph_en-us_a452df30d5f2d0050d4e.js","fil":"sp-http-msgraph_en-us_a452df30d5f2d0050d4e.js","haw":"sp-http-msgraph_en-us_a452df30d5f2d0050d4e.js","iu":"sp-http-msgraph_en-us_a452df30d5f2d0050d4e.js","lo":"sp-http-msgraph_en-us_a452df30d5f2d0050d4e.js","moh":"sp-http-msgraph_en-us_a452df30d5f2d0050d4e.js","sq":"sp-http-msgraph_en-us_a452df30d5f2d0050d4e.js","am":"sp-http-msgraph_en-us_a452df30d5f2d0050d4e.js","hy":"sp-http-msgraph_en-us_a452df30d5f2d0050d4e.js","mk":"sp-http-msgraph_en-us_a452df30d5f2d0050d4e.js","bs":"sp-http-msgraph_en-us_a452df30d5f2d0050d4e.js","my":"sp-http-msgraph_en-us_a452df30d5f2d0050d4e.js","dz":"sp-http-msgraph_en-us_a452df30d5f2d0050d4e.js","en-CY":"sp-http-msgraph_en-us_a452df30d5f2d0050d4e.js","en-EG":"sp-http-msgraph_en-us_a452df30d5f2d0050d4e.js","en-IL":"sp-http-msgraph_en-us_a452df30d5f2d0050d4e.js","en-IS":"sp-http-msgraph_en-us_a452df30d5f2d0050d4e.js","en-JO":"sp-http-msgraph_en-us_a452df30d5f2d0050d4e.js","en-KE":"sp-http-msgraph_en-us_a452df30d5f2d0050d4e.js","en-KW":"sp-http-msgraph_en-us_a452df30d5f2d0050d4e.js","en-MK":"sp-http-msgraph_en-us_a452df30d5f2d0050d4e.js","en-MT":"sp-http-msgraph_en-us_a452df30d5f2d0050d4e.js","en-PK":"sp-http-msgraph_en-us_a452df30d5f2d0050d4e.js","en-QA":"sp-http-msgraph_en-us_a452df30d5f2d0050d4e.js","en-SA":"sp-http-msgraph_en-us_a452df30d5f2d0050d4e.js","en-LK":"sp-http-msgraph_en-us_a452df30d5f2d0050d4e.js","en-AE":"sp-http-msgraph_en-us_a452df30d5f2d0050d4e.js","en-VN":"sp-http-msgraph_en-us_a452df30d5f2d0050d4e.js","is":"sp-http-msgraph_en-us_a452df30d5f2d0050d4e.js","km":"sp-http-msgraph_en-us_a452df30d5f2d0050d4e.js","kh":"sp-http-msgraph_en-us_a452df30d5f2d0050d4e.js","mt":"sp-http-msgraph_en-us_a452df30d5f2d0050d4e.js","fa":"sp-http-msgraph_en-us_a452df30d5f2d0050d4e.js","gd":"sp-http-msgraph_en-us_a452df30d5f2d0050d4e.js","sr-Cyrl-BA":"sp-http-msgraph_en-us_a452df30d5f2d0050d4e.js","sr-Latn-BA":"sp-http-msgraph_en-us_a452df30d5f2d0050d4e.js","sd":"sp-http-msgraph_en-us_a452df30d5f2d0050d4e.js","si":"sp-http-msgraph_en-us_a452df30d5f2d0050d4e.js","so":"sp-http-msgraph_en-us_a452df30d5f2d0050d4e.js","ti-ET":"sp-http-msgraph_en-us_a452df30d5f2d0050d4e.js","uz":"sp-http-msgraph_en-us_a452df30d5f2d0050d4e.js","en-SG":"sp-http-msgraph_en-us_a452df30d5f2d0050d4e.js","en-HK":"sp-http-msgraph_en-us_a452df30d5f2d0050d4e.js","en-MY":"sp-http-msgraph_en-us_a452df30d5f2d0050d4e.js","en-PH":"sp-http-msgraph_en-us_a452df30d5f2d0050d4e.js","en-TT":"sp-http-msgraph_en-us_a452df30d5f2d0050d4e.js","en-AZ":"sp-http-msgraph_en-us_a452df30d5f2d0050d4e.js","en-BH":"sp-http-msgraph_en-us_a452df30d5f2d0050d4e.js","en-BN":"sp-http-msgraph_en-us_a452df30d5f2d0050d4e.js","en-ID":"sp-http-msgraph_en-us_a452df30d5f2d0050d4e.js","mi":"sp-http-msgraph_en-us_a452df30d5f2d0050d4e.js"},"defaultPath":"sp-http-msgraph_default_a452df30d5f2d0050d4e.js"},"tslib":{"type":"component","id":"01c4df03-e775-48cb-aa14-171ee5199a15","version":"2.3.1"},"@microsoft/sp-http-base":{"type":"component","id":"8496636c-2300-4915-abef-20de64c98d8b","version":"1.17.3"},"@microsoft/sp-loader":{"type":"component","id":"1c6c9123-7aac-41f3-a376-3caea41ed83f","version":"1.17.3"},"@microsoft/sp-core-library":{"type":"component","id":"7263c7d0-1d6a-45ec-8d85-d4d1d234171b","version":"1.17.3"},"@microsoft/sp-diagnostics":{"type":"component","id":"78359e4b-07c2-43c6-8d0b-d060b4d577e8","version":"1.17.3"}}}},{"id":"c07208f0-ea3b-4c1a-9965-ac1b825211a6","alias":"SPHttp","componentType":"Library","version":"1.17.3","manifestVersion":2,"preloadComponents":[],"loaderConfig":{"internalModuleBaseUrls":["https://localhost:4321/node_modules/@microsoft/sp-http/dist/","https://localhost:4321/dist/"],"entryModuleId":"sp-http","scriptResources":{"sp-http":{"type":"path","path":"sp-http_none_a4a99a6aa34d8ad5f3c3.js"},"tslib":{"type":"component","id":"01c4df03-e775-48cb-aa14-171ee5199a15","version":"2.3.1"},"@microsoft/sp-http-base":{"type":"component","id":"8496636c-2300-4915-abef-20de64c98d8b","version":"1.17.3"},"@microsoft/sp-http-msgraph":{"type":"component","id":"aec2bbfd-a968-4d5b-a279-12e570f378e6","version":"1.17.3"},"@microsoft/sp-core-library":{"type":"component","id":"7263c7d0-1d6a-45ec-8d85-d4d1d234171b","version":"1.17.3"},"@microsoft/sp-diagnostics":{"type":"component","id":"78359e4b-07c2-43c6-8d0b-d060b4d577e8","version":"1.17.3"}}}},{"id":"467dc675-7cc5-4709-8aac-78e3b71bd2f6","alias":"SPComponentBase","componentType":"Library","version":"1.17.3","manifestVersion":2,"loaderConfig":{"internalModuleBaseUrls":["https://localhost:4321/node_modules/@microsoft/sp-component-base/dist/","https://localhost:4321/dist/"],"entryModuleId":"sp-component-base","scriptResources":{"sp-component-base":{"type":"localizedPath","paths":{"default":"sp-component-base_default_cecb3fbb35674d4de333.js","en-US":"sp-component-base_en-us_cecb3fbb35674d4de333.js","qps-ploca":"sp-component-base_qps-ploca_cecb3fbb35674d4de333.js","qps-ploc":"sp-component-base_qps-ploc_cecb3fbb35674d4de333.js","en-GB":"sp-component-base_en-us_cecb3fbb35674d4de333.js","en-NZ":"sp-component-base_en-us_cecb3fbb35674d4de333.js","en-IE":"sp-component-base_en-us_cecb3fbb35674d4de333.js","en-AU":"sp-component-base_en-us_cecb3fbb35674d4de333.js","bn":"sp-component-base_en-us_cecb3fbb35674d4de333.js","chr":"sp-component-base_en-us_cecb3fbb35674d4de333.js","dv":"sp-component-base_en-us_cecb3fbb35674d4de333.js","div":"sp-component-base_en-us_cecb3fbb35674d4de333.js","en":"sp-component-base_en-us_cecb3fbb35674d4de333.js","fil":"sp-component-base_en-us_cecb3fbb35674d4de333.js","haw":"sp-component-base_en-us_cecb3fbb35674d4de333.js","iu":"sp-component-base_en-us_cecb3fbb35674d4de333.js","lo":"sp-component-base_en-us_cecb3fbb35674d4de333.js","moh":"sp-component-base_en-us_cecb3fbb35674d4de333.js","sq":"sp-component-base_en-us_cecb3fbb35674d4de333.js","am":"sp-component-base_en-us_cecb3fbb35674d4de333.js","hy":"sp-component-base_en-us_cecb3fbb35674d4de333.js","mk":"sp-component-base_en-us_cecb3fbb35674d4de333.js","bs":"sp-component-base_en-us_cecb3fbb35674d4de333.js","my":"sp-component-base_en-us_cecb3fbb35674d4de333.js","dz":"sp-component-base_en-us_cecb3fbb35674d4de333.js","en-CY":"sp-component-base_en-us_cecb3fbb35674d4de333.js","en-EG":"sp-component-base_en-us_cecb3fbb35674d4de333.js","en-IL":"sp-component-base_en-us_cecb3fbb35674d4de333.js","en-IS":"sp-component-base_en-us_cecb3fbb35674d4de333.js","en-JO":"sp-component-base_en-us_cecb3fbb35674d4de333.js","en-KE":"sp-component-base_en-us_cecb3fbb35674d4de333.js","en-KW":"sp-component-base_en-us_cecb3fbb35674d4de333.js","en-MK":"sp-component-base_en-us_cecb3fbb35674d4de333.js","en-MT":"sp-component-base_en-us_cecb3fbb35674d4de333.js","en-PK":"sp-component-base_en-us_cecb3fbb35674d4de333.js","en-QA":"sp-component-base_en-us_cecb3fbb35674d4de333.js","en-SA":"sp-component-base_en-us_cecb3fbb35674d4de333.js","en-LK":"sp-component-base_en-us_cecb3fbb35674d4de333.js","en-AE":"sp-component-base_en-us_cecb3fbb35674d4de333.js","en-VN":"sp-component-base_en-us_cecb3fbb35674d4de333.js","is":"sp-component-base_en-us_cecb3fbb35674d4de333.js","km":"sp-component-base_en-us_cecb3fbb35674d4de333.js","kh":"sp-component-base_en-us_cecb3fbb35674d4de333.js","mt":"sp-component-base_en-us_cecb3fbb35674d4de333.js","fa":"sp-component-base_en-us_cecb3fbb35674d4de333.js","gd":"sp-component-base_en-us_cecb3fbb35674d4de333.js","sr-Cyrl-BA":"sp-component-base_en-us_cecb3fbb35674d4de333.js","sr-Latn-BA":"sp-component-base_en-us_cecb3fbb35674d4de333.js","sd":"sp-component-base_en-us_cecb3fbb35674d4de333.js","si":"sp-component-base_en-us_cecb3fbb35674d4de333.js","so":"sp-component-base_en-us_cecb3fbb35674d4de333.js","ti-ET":"sp-component-base_en-us_cecb3fbb35674d4de333.js","uz":"sp-component-base_en-us_cecb3fbb35674d4de333.js","en-SG":"sp-component-base_en-us_cecb3fbb35674d4de333.js","en-HK":"sp-component-base_en-us_cecb3fbb35674d4de333.js","en-MY":"sp-component-base_en-us_cecb3fbb35674d4de333.js","en-PH":"sp-component-base_en-us_cecb3fbb35674d4de333.js","en-TT":"sp-component-base_en-us_cecb3fbb35674d4de333.js","en-AZ":"sp-component-base_en-us_cecb3fbb35674d4de333.js","en-BH":"sp-component-base_en-us_cecb3fbb35674d4de333.js","en-BN":"sp-component-base_en-us_cecb3fbb35674d4de333.js","en-ID":"sp-component-base_en-us_cecb3fbb35674d4de333.js","mi":"sp-component-base_en-us_cecb3fbb35674d4de333.js"},"defaultPath":"sp-component-base_default_cecb3fbb35674d4de333.js"},"tslib":{"type":"component","id":"01c4df03-e775-48cb-aa14-171ee5199a15","version":"2.3.1"},"@ms/sp-telemetry":{"type":"component","id":"8217e442-8ed3-41fd-957d-b112e841286a","version":"0.28.16"},"@microsoft/sp-dynamic-data":{"type":"component","id":"e40f8203-b39d-425a-a957-714852e33b79","version":"1.17.3"},"@microsoft/sp-lodash-subset":{"type":"component","id":"73e1dc6c-8441-42cc-ad47-4bd3659f8a3a","version":"1.17.3"},"@microsoft/sp-core-library":{"type":"component","id":"7263c7d0-1d6a-45ec-8d85-d4d1d234171b","version":"1.17.3"},"@microsoft/sp-page-context":{"type":"component","id":"1c4541f7-5c31-41aa-9fa8-fbc9dc14c0a8","version":"1.17.3"},"@microsoft/load-themed-styles":{"type":"component","id":"229b8d08-79f3-438b-8c21-4613fc877abd","version":"0.1.2"},"@microsoft/sp-diagnostics":{"type":"component","id":"78359e4b-07c2-43c6-8d0b-d060b4d577e8","version":"1.17.3"},"@microsoft/sp-http":{"type":"component","id":"c07208f0-ea3b-4c1a-9965-ac1b825211a6","version":"1.17.3"}}}},{"id":"29bd516f-4ece-40b7-8028-597cbc65a223","alias":"SpOfficeUIFabricCore","componentType":"Library","version":"1.17.3","manifestVersion":2,"loaderConfig":{"internalModuleBaseUrls":["https://localhost:4321/node_modules/@microsoft/sp-office-ui-fabric-core/dist/","http://localhost:4321/dist/"],"entryModuleId":"office-ui-fabric-core","scriptResources":{"office-ui-fabric-core":{"type":"path","path":"office-ui-fabric-core_none_d9464683962322d1298b.js"},"@microsoft/load-themed-styles":{"type":"component","id":"229b8d08-79f3-438b-8c21-4613fc877abd","version":"0.1.2"}}}},{"manifestVersion":2,"id":"2c46c8f0-e214-4f49-951e-fd5b9d7b4ae1","alias":"SPImageHelper","componentType":"Library","version":"1.17.3","loaderConfig":{"internalModuleBaseUrls":["https://localhost:4321/node_modules/@microsoft/sp-image-helper/dist/","https://localhost:4321/dist/"],"entryModuleId":"sp-image-helper","scriptResources":{"sp-image-helper":{"type":"path","path":"sp-image-helper_none_40b64fb192c2cd5ae6d8.js"},"@ms/odsp-core-bundle":{"type":"component","id":"2e09fb9b-13bb-48f2-859f-97d6fff71176","version":"1.3.154"},"@microsoft/sp-lodash-subset":{"type":"component","id":"73e1dc6c-8441-42cc-ad47-4bd3659f8a3a","version":"1.17.3"},"@microsoft/sp-core-library":{"type":"component","id":"7263c7d0-1d6a-45ec-8d85-d4d1d234171b","version":"1.17.3"},"@microsoft/sp-page-context":{"type":"component","id":"1c4541f7-5c31-41aa-9fa8-fbc9dc14c0a8","version":"1.17.3"},"@microsoft/sp-diagnostics":{"type":"component","id":"78359e4b-07c2-43c6-8d0b-d060b4d577e8","version":"1.17.3"}}}},{"id":"f9e737b7-f0df-4597-ba8c-3060f82380db","alias":"SPPropertyPane","componentType":"Library","version":"1.17.3","manifestVersion":2,"loaderConfig":{"internalModuleBaseUrls":["https://localhost:4321/node_modules/@microsoft/sp-property-pane/dist/","https://localhost:4321/dist/"],"entryModuleId":"sp-property-pane","scriptResources":{"sp-property-pane":{"type":"localizedPath","paths":{"default":"sp-property-pane_default_7952833de36dca139657.js","en-US":"sp-property-pane_en-us_7952833de36dca139657.js","qps-ploca":"sp-property-pane_qps-ploca_7952833de36dca139657.js","qps-ploc":"sp-property-pane_qps-ploc_7952833de36dca139657.js","en-GB":"sp-property-pane_en-us_7952833de36dca139657.js","en-NZ":"sp-property-pane_en-us_7952833de36dca139657.js","en-IE":"sp-property-pane_en-us_7952833de36dca139657.js","en-AU":"sp-property-pane_en-us_7952833de36dca139657.js","bn":"sp-property-pane_en-us_7952833de36dca139657.js","chr":"sp-property-pane_en-us_7952833de36dca139657.js","dv":"sp-property-pane_en-us_7952833de36dca139657.js","div":"sp-property-pane_en-us_7952833de36dca139657.js","en":"sp-property-pane_en-us_7952833de36dca139657.js","fil":"sp-property-pane_en-us_7952833de36dca139657.js","haw":"sp-property-pane_en-us_7952833de36dca139657.js","iu":"sp-property-pane_en-us_7952833de36dca139657.js","lo":"sp-property-pane_en-us_7952833de36dca139657.js","moh":"sp-property-pane_en-us_7952833de36dca139657.js","sq":"sp-property-pane_en-us_7952833de36dca139657.js","am":"sp-property-pane_en-us_7952833de36dca139657.js","hy":"sp-property-pane_en-us_7952833de36dca139657.js","mk":"sp-property-pane_en-us_7952833de36dca139657.js","bs":"sp-property-pane_en-us_7952833de36dca139657.js","my":"sp-property-pane_en-us_7952833de36dca139657.js","dz":"sp-property-pane_en-us_7952833de36dca139657.js","en-CY":"sp-property-pane_en-us_7952833de36dca139657.js","en-EG":"sp-property-pane_en-us_7952833de36dca139657.js","en-IL":"sp-property-pane_en-us_7952833de36dca139657.js","en-IS":"sp-property-pane_en-us_7952833de36dca139657.js","en-JO":"sp-property-pane_en-us_7952833de36dca139657.js","en-KE":"sp-property-pane_en-us_7952833de36dca139657.js","en-KW":"sp-property-pane_en-us_7952833de36dca139657.js","en-MK":"sp-property-pane_en-us_7952833de36dca139657.js","en-MT":"sp-property-pane_en-us_7952833de36dca139657.js","en-PK":"sp-property-pane_en-us_7952833de36dca139657.js","en-QA":"sp-property-pane_en-us_7952833de36dca139657.js","en-SA":"sp-property-pane_en-us_7952833de36dca139657.js","en-LK":"sp-property-pane_en-us_7952833de36dca139657.js","en-AE":"sp-property-pane_en-us_7952833de36dca139657.js","en-VN":"sp-property-pane_en-us_7952833de36dca139657.js","is":"sp-property-pane_en-us_7952833de36dca139657.js","km":"sp-property-pane_en-us_7952833de36dca139657.js","kh":"sp-property-pane_en-us_7952833de36dca139657.js","mt":"sp-property-pane_en-us_7952833de36dca139657.js","fa":"sp-property-pane_en-us_7952833de36dca139657.js","gd":"sp-property-pane_en-us_7952833de36dca139657.js","sr-Cyrl-BA":"sp-property-pane_en-us_7952833de36dca139657.js","sr-Latn-BA":"sp-property-pane_en-us_7952833de36dca139657.js","sd":"sp-property-pane_en-us_7952833de36dca139657.js","si":"sp-property-pane_en-us_7952833de36dca139657.js","so":"sp-property-pane_en-us_7952833de36dca139657.js","ti-ET":"sp-property-pane_en-us_7952833de36dca139657.js","uz":"sp-property-pane_en-us_7952833de36dca139657.js","en-SG":"sp-property-pane_en-us_7952833de36dca139657.js","en-HK":"sp-property-pane_en-us_7952833de36dca139657.js","en-MY":"sp-property-pane_en-us_7952833de36dca139657.js","en-PH":"sp-property-pane_en-us_7952833de36dca139657.js","en-TT":"sp-property-pane_en-us_7952833de36dca139657.js","en-AZ":"sp-property-pane_en-us_7952833de36dca139657.js","en-BH":"sp-property-pane_en-us_7952833de36dca139657.js","en-BN":"sp-property-pane_en-us_7952833de36dca139657.js","en-ID":"sp-property-pane_en-us_7952833de36dca139657.js","mi":"sp-property-pane_en-us_7952833de36dca139657.js"},"defaultPath":"sp-property-pane_default_7952833de36dca139657.js"},"tslib":{"type":"component","id":"01c4df03-e775-48cb-aa14-171ee5199a15","version":"2.3.1"},"@microsoft/sp-loader":{"type":"component","id":"1c6c9123-7aac-41f3-a376-3caea41ed83f","version":"1.17.3"},"@microsoft/sp-core-library":{"type":"component","id":"7263c7d0-1d6a-45ec-8d85-d4d1d234171b","version":"1.17.3"},"react":{"type":"component","id":"0d910c1c-13b9-4e1c-9aa4-b008c5e42d7d","version":"17.0.1"},"react-dom":{"type":"component","id":"aa0a46ec-1505-43cd-a44a-93f3a5aa460a","version":"17.0.1"},"@microsoft/load-themed-styles":{"type":"component","id":"229b8d08-79f3-438b-8c21-4613fc877abd","version":"0.1.2"},"@microsoft/sp-diagnostics":{"type":"component","id":"78359e4b-07c2-43c6-8d0b-d060b4d577e8","version":"1.17.3"}}}},{"manifestVersion":2,"id":"d5c7f2a5-a8e2-431c-9161-70d4d6396f79","alias":"SpTopActions","componentType":"Library","version":"1.17.3","loaderConfig":{"internalModuleBaseUrls":["https://localhost:4321/node_modules/@microsoft/sp-top-actions/dist/","https://localhost:4321/dist/"],"entryModuleId":"sp-top-actions","scriptResources":{"sp-top-actions":{"type":"path","path":"sp-top-actions_none_c67be576ee93252c9418.js"}}}},{"id":"974a7777-0990-4136-8fa6-95d80114c2e0","alias":"SPWebPartBase","componentType":"Library","version":"1.17.3","manifestVersion":2,"preloadComponents":["f9e737b7-f0df-4597-ba8c-3060f82380db"],"loaderConfig":{"internalModuleBaseUrls":["https://localhost:4321/node_modules/@microsoft/sp-webpart-base/dist/","https://localhost:4321/dist/"],"entryModuleId":"sp-webpart-base","scriptResources":{"sp-webpart-base":{"type":"localizedPath","paths":{"default":"sp-webpart-base_default_488cb48e52711a89b73b.js","en-US":"sp-webpart-base_en-us_488cb48e52711a89b73b.js","qps-ploca":"sp-webpart-base_qps-ploca_488cb48e52711a89b73b.js","qps-ploc":"sp-webpart-base_qps-ploc_488cb48e52711a89b73b.js","en-GB":"sp-webpart-base_en-us_488cb48e52711a89b73b.js","en-NZ":"sp-webpart-base_en-us_488cb48e52711a89b73b.js","en-IE":"sp-webpart-base_en-us_488cb48e52711a89b73b.js","en-AU":"sp-webpart-base_en-us_488cb48e52711a89b73b.js","bn":"sp-webpart-base_en-us_488cb48e52711a89b73b.js","chr":"sp-webpart-base_en-us_488cb48e52711a89b73b.js","dv":"sp-webpart-base_en-us_488cb48e52711a89b73b.js","div":"sp-webpart-base_en-us_488cb48e52711a89b73b.js","en":"sp-webpart-base_en-us_488cb48e52711a89b73b.js","fil":"sp-webpart-base_en-us_488cb48e52711a89b73b.js","haw":"sp-webpart-base_en-us_488cb48e52711a89b73b.js","iu":"sp-webpart-base_en-us_488cb48e52711a89b73b.js","lo":"sp-webpart-base_en-us_488cb48e52711a89b73b.js","moh":"sp-webpart-base_en-us_488cb48e52711a89b73b.js","sq":"sp-webpart-base_en-us_488cb48e52711a89b73b.js","am":"sp-webpart-base_en-us_488cb48e52711a89b73b.js","hy":"sp-webpart-base_en-us_488cb48e52711a89b73b.js","mk":"sp-webpart-base_en-us_488cb48e52711a89b73b.js","bs":"sp-webpart-base_en-us_488cb48e52711a89b73b.js","my":"sp-webpart-base_en-us_488cb48e52711a89b73b.js","dz":"sp-webpart-base_en-us_488cb48e52711a89b73b.js","en-CY":"sp-webpart-base_en-us_488cb48e52711a89b73b.js","en-EG":"sp-webpart-base_en-us_488cb48e52711a89b73b.js","en-IL":"sp-webpart-base_en-us_488cb48e52711a89b73b.js","en-IS":"sp-webpart-base_en-us_488cb48e52711a89b73b.js","en-JO":"sp-webpart-base_en-us_488cb48e52711a89b73b.js","en-KE":"sp-webpart-base_en-us_488cb48e52711a89b73b.js","en-KW":"sp-webpart-base_en-us_488cb48e52711a89b73b.js","en-MK":"sp-webpart-base_en-us_488cb48e52711a89b73b.js","en-MT":"sp-webpart-base_en-us_488cb48e52711a89b73b.js","en-PK":"sp-webpart-base_en-us_488cb48e52711a89b73b.js","en-QA":"sp-webpart-base_en-us_488cb48e52711a89b73b.js","en-SA":"sp-webpart-base_en-us_488cb48e52711a89b73b.js","en-LK":"sp-webpart-base_en-us_488cb48e52711a89b73b.js","en-AE":"sp-webpart-base_en-us_488cb48e52711a89b73b.js","en-VN":"sp-webpart-base_en-us_488cb48e52711a89b73b.js","is":"sp-webpart-base_en-us_488cb48e52711a89b73b.js","km":"sp-webpart-base_en-us_488cb48e52711a89b73b.js","kh":"sp-webpart-base_en-us_488cb48e52711a89b73b.js","mt":"sp-webpart-base_en-us_488cb48e52711a89b73b.js","fa":"sp-webpart-base_en-us_488cb48e52711a89b73b.js","gd":"sp-webpart-base_en-us_488cb48e52711a89b73b.js","sr-Cyrl-BA":"sp-webpart-base_en-us_488cb48e52711a89b73b.js","sr-Latn-BA":"sp-webpart-base_en-us_488cb48e52711a89b73b.js","sd":"sp-webpart-base_en-us_488cb48e52711a89b73b.js","si":"sp-webpart-base_en-us_488cb48e52711a89b73b.js","so":"sp-webpart-base_en-us_488cb48e52711a89b73b.js","ti-ET":"sp-webpart-base_en-us_488cb48e52711a89b73b.js","uz":"sp-webpart-base_en-us_488cb48e52711a89b73b.js","en-SG":"sp-webpart-base_en-us_488cb48e52711a89b73b.js","en-HK":"sp-webpart-base_en-us_488cb48e52711a89b73b.js","en-MY":"sp-webpart-base_en-us_488cb48e52711a89b73b.js","en-PH":"sp-webpart-base_en-us_488cb48e52711a89b73b.js","en-TT":"sp-webpart-base_en-us_488cb48e52711a89b73b.js","en-AZ":"sp-webpart-base_en-us_488cb48e52711a89b73b.js","en-BH":"sp-webpart-base_en-us_488cb48e52711a89b73b.js","en-BN":"sp-webpart-base_en-us_488cb48e52711a89b73b.js","en-ID":"sp-webpart-base_en-us_488cb48e52711a89b73b.js","mi":"sp-webpart-base_en-us_488cb48e52711a89b73b.js"},"defaultPath":"sp-webpart-base_default_488cb48e52711a89b73b.js"},"tslib":{"type":"component","id":"01c4df03-e775-48cb-aa14-171ee5199a15","version":"2.3.1"},"@ms/sp-telemetry":{"type":"component","id":"8217e442-8ed3-41fd-957d-b112e841286a","version":"0.28.16"},"@microsoft/sp-component-base":{"type":"component","id":"467dc675-7cc5-4709-8aac-78e3b71bd2f6","version":"1.17.3"},"@microsoft/sp-loader":{"type":"component","id":"1c6c9123-7aac-41f3-a376-3caea41ed83f","version":"1.17.3"},"@microsoft/sp-lodash-subset":{"type":"component","id":"73e1dc6c-8441-42cc-ad47-4bd3659f8a3a","version":"1.17.3"},"@microsoft/sp-core-library":{"type":"component","id":"7263c7d0-1d6a-45ec-8d85-d4d1d234171b","version":"1.17.3"},"@microsoft/sp-page-context":{"type":"component","id":"1c4541f7-5c31-41aa-9fa8-fbc9dc14c0a8","version":"1.17.3"},"@ms/sp-edit-customer-promise":{"type":"component","id":"42647dee-1f75-4b9f-b521-5c844a6c35cc","version":"0.1.0"},"@microsoft/load-themed-styles":{"type":"component","id":"229b8d08-79f3-438b-8c21-4613fc877abd","version":"0.1.2"},"@microsoft/sp-diagnostics":{"type":"component","id":"78359e4b-07c2-43c6-8d0b-d060b4d577e8","version":"1.17.3"},"@microsoft/sp-http":{"type":"component","id":"c07208f0-ea3b-4c1a-9965-ac1b825211a6","version":"1.17.3"}}}},{"id":"097b91ad-6bc7-41ab-bead-fb7996a2157f","alias":"IncidentManagementWebPart","componentType":"WebPart","version":"0.0.1","manifestVersion":2,"requiresCustomScript":false,"supportedHosts":["SharePointWebPart","TeamsPersonalApp","TeamsTab","SharePointFullPage"],"supportsThemeVariants":true,"preconfiguredEntries":[{"groupId":"5c03119e-3074-46fd-976b-c60198311f70","group":{"default":"Advanced"},"title":{"default":"incident_Management"},"description":{"default":"incident_Management description"},"officeFabricIconFontName":"Page","properties":{"description":"incident_Management"}}],"loaderConfig":{"internalModuleBaseUrls":["https://localhost:4321/dist/"],"entryModuleId":"incident-management-web-part","scriptResources":{"incident-management-web-part":{"type":"path","path":"incident-management-web-part_e5213058f75bce8f8f7d.js"},"@microsoft/sp-property-pane":{"type":"component","id":"f9e737b7-f0df-4597-ba8c-3060f82380db","version":"1.17.3"},"@microsoft/sp-lodash-subset":{"type":"component","id":"73e1dc6c-8441-42cc-ad47-4bd3659f8a3a","version":"1.17.3"},"ControlStrings":{"type":"localizedPath","paths":{"bg-BG":"ControlStrings_bg-bg_dc21a81e6055352d9971be6b9d48bd21.js","ca-ES":"ControlStrings_ca-es_024894e468141540c4740b1843e005fe.js","da-DK":"ControlStrings_da-dk_3a558f96eb4cdfadf24b2352b9db77a5.js","de-DE":"ControlStrings_de-de_0d3b120c348ebb21908889f0767be20c.js","el-GR":"ControlStrings_el-gr_51a24b1d8343e7dfaed7105efbe379d0.js","en-US":"ControlStrings_en-us_98eb6723d9e06511f725f0720791ca37.js","es-ES":"ControlStrings_es-es_53ca1151dfa6eb6bde5c70c33352d545.js","et-EE":"ControlStrings_et-ee_23ef025dc181ffba49ec067e8ede5b0c.js","eu-ES":"ControlStrings_eu-es_27ac52b3a73e677027ab509e2d2c327b.js","fi-FI":"ControlStrings_fi-fi_757fc477c8fe0d128951247eafb93228.js","fr-CA":"ControlStrings_fr-ca_2f20190bfa4a32dfd84ea2de8be1f1fd.js","fr-FR":"ControlStrings_fr-fr_61836eae910ba61d3f1e0153478d3617.js","it-IT":"ControlStrings_it-it_c51e11a2210f7c72789b23c4be1e9a97.js","ja-JP":"ControlStrings_ja-jp_36c45186e9d69040e24a03bbd1012e42.js","lt-LT":"ControlStrings_lt-lt_1c7d605793390e6fe146c50fdecb3b6e.js","lv-LV":"ControlStrings_lv-lv_d0b3f37477b6dd3670130cd5f452cbc6.js","nb-NO":"ControlStrings_nb-no_081860ea8dd7c63a19631497d061784b.js","nl-NL":"ControlStrings_nl-nl_38a7b1798b190352a63f7ea3f030259a.js","pl-PL":"ControlStrings_pl-pl_8ca2571e5618963621a1e25dd572ba61.js","pt-BR":"ControlStrings_pt-br_28f579005e20f4a6b625040bf087ae8a.js","pt-PT":"ControlStrings_pt-pt_9d69e5ac7eab23f8395150ad5febf2cd.js","ro-RO":"ControlStrings_ro-ro_fd2e49624e6b511c523f148640805287.js","ru-RU":"ControlStrings_ru-ru_9c610d5cdf81f9b4c18e91e97b16ddd4.js","sk-SK":"ControlStrings_sk-sk_953babb180e1edd249040dc5fba2504a.js","sr-Latn-RS":"ControlStrings_sr-latn-rs_0248c39e49b1824d4c859dc79fae7268.js","sv-SE":"ControlStrings_sv-se_a5a60b40af452decd321ae2443b02fd2.js","tr-TR":"ControlStrings_tr-tr_7a4ff737997c0078d6250395e7a965b4.js","vi-VN":"ControlStrings_vi-vn_7267c73b84a74cdc07e565117a548bb0.js","zh-CN":"ControlStrings_zh-cn_3f954ff45fd720812362279ab98b0b0f.js","zh-TW":"ControlStrings_zh-tw_3e8ddf491a1a3a3c57bdf9e800c4c52d.js"},"defaultPath":"ControlStrings_en-us_98eb6723d9e06511f725f0720791ca37.js"},"IncidentManagementWebPartStrings":{"type":"path","path":"IncidentManagementWebPartStrings_en-us_538b8a28640935efbb05f5fb825dc521.js"},"@microsoft/sp-core-library":{"type":"component","id":"7263c7d0-1d6a-45ec-8d85-d4d1d234171b","version":"1.17.3"},"@microsoft/sp-webpart-base":{"type":"component","id":"974a7777-0990-4136-8fa6-95d80114c2e0","version":"1.17.3"},"react":{"type":"component","id":"0d910c1c-13b9-4e1c-9aa4-b008c5e42d7d","version":"17.0.1"},"react-dom":{"type":"component","id":"aa0a46ec-1505-43cd-a44a-93f3a5aa460a","version":"17.0.1"},"@microsoft/sp-http":{"type":"component","id":"c07208f0-ea3b-4c1a-9965-ac1b825211a6","version":"1.17.3"},"PropertyControlStrings":{"type":"localizedPath","paths":{"ar-SA":"PropertyControlStrings_ar-sa_c2bfcb8203030a4e22b6ce832477cc8d.js","bg-BG":"PropertyControlStrings_bg-bg_d769b67c49a2193b7589cf77ae8f9891.js","ca-ES":"PropertyControlStrings_ca-es_ae71b607bdec2062787ba9403df796a5.js","cs-CZ":"PropertyControlStrings_cs-cz_387455f8d307e56df7fbea367de5d179.js","da-DK":"PropertyControlStrings_da-dk_d45860d6cfeaa3a704e0633d63cc9b38.js","de-DE":"PropertyControlStrings_de-de_a43d73a064d9a1d8fe9b34e3c25df91b.js","el-GR":"PropertyControlStrings_el-gr_94aeac5730842371272231dbd949b55a.js","en-GB":"PropertyControlStrings_en-gb_c3032ecebb1aa7193d06548b6ae783cb.js","en-US":"PropertyControlStrings_en-us_c3915679a97436fd69e420b5b4064a25.js","es-ES":"PropertyControlStrings_es-es_4745311c9839342364e154c4d6cdcd54.js","et-EE":"PropertyControlStrings_et-ee_f2b12fcc0b1640b6c85b2f56e38be17b.js","fi-FI":"PropertyControlStrings_fi-fi_6cf34edf8caf385bea84528cc386cd5f.js","fr-FR":"PropertyControlStrings_fr-fr_40412f0ae3f35c004548887f7771f932.js","it-IT":"PropertyControlStrings_it-it_627b6ffd0eb7e2ec2428b454eaa8cf1a.js","ja-JP":"PropertyControlStrings_ja-jp_744730f9cd57ff5fa842e19feee43689.js","lt-LT":"PropertyControlStrings_lt-lt_dd9c4dc605f7cc52c865e75fbe69e815.js","lv-LV":"PropertyControlStrings_lv-lv_094f83cf2fa3af52b75bffbb5901884f.js","nb-NO":"PropertyControlStrings_nb-no_32f68fc0283e323486d606e50d93b415.js","nl-NL":"PropertyControlStrings_nl-nl_a7ff2ae2a1b24528db15f91c4a101585.js","no":"PropertyControlStrings_no_9010b4d755bda00769d9ef249eafb363.js","pl-PL":"PropertyControlStrings_pl-pl_d93eb3e8701bd0c9a95d61257bb9c3c6.js","pt-PT":"PropertyControlStrings_pt-pt_48a0c94520a06ac244dd8bcdd8dd1af3.js","ro-RO":"PropertyControlStrings_ro-ro_d3c39ea618dd810b7e965e6be29b81ce.js","ru-RU":"PropertyControlStrings_ru-ru_858b38db3deb4265f0204ee5e6a73cca.js","sk-SK":"PropertyControlStrings_sk-sk_ecfbffa01d2e85ea82262ea25a0bf1d2.js","sr-Latn-RS":"PropertyControlStrings_sr-latn-rs_8bfa79b5cdb880bab855577fef642f5b.js","sv-SE":"PropertyControlStrings_sv-se_c48b943cdb14053ff195bd6e713041a3.js","tr-TR":"PropertyControlStrings_tr-tr_dd9b4d5310d9f61f6dbf497c5ac28472.js","vi-VN":"PropertyControlStrings_vi-vn_07c1001da775bf2ce49d534eb2c13f7e.js","zh-CN":"PropertyControlStrings_zh-cn_b6ff4b7c62d86fb9c2631b9ae98ff1b7.js","zh-TW":"PropertyControlStrings_zh-tw_54b7510d208fa574ce536c9a8a82179e.js"},"defaultPath":"PropertyControlStrings_en-us_c3915679a97436fd69e420b5b4064a25.js"}}}},{"id":"7a7e44d8-602e-4a29-8777-398f585e4eb7","alias":"IncidentManagementDashboardWebPart","componentType":"WebPart","version":"0.0.1","manifestVersion":2,"requiresCustomScript":false,"supportedHosts":["SharePointWebPart","TeamsPersonalApp","TeamsTab","SharePointFullPage"],"supportsThemeVariants":true,"preconfiguredEntries":[{"groupId":"5c03119e-3074-46fd-976b-c60198311f70","group":{"default":"Advanced"},"title":{"default":"incidentManagementDashboard"},"description":{"default":"incidentManagementDashboard description"},"officeFabricIconFontName":"Page","properties":{"description":"incidentManagementDashboard"}}],"loaderConfig":{"internalModuleBaseUrls":["https://localhost:4321/dist/"],"entryModuleId":"incident-management-dashboard-web-part","scriptResources":{"incident-management-dashboard-web-part":{"type":"path","path":"incident-management-dashboard-web-part_cd98af08179562b26dec.js"},"@microsoft/sp-property-pane":{"type":"component","id":"f9e737b7-f0df-4597-ba8c-3060f82380db","version":"1.17.3"},"IncidentManagementDashboardWebPartStrings":{"type":"path","path":"IncidentManagementDashboardWebPartStrings_en-us_8246ac565358b4e47ac6fb4e3d6106b3.js"},"@microsoft/sp-core-library":{"type":"component","id":"7263c7d0-1d6a-45ec-8d85-d4d1d234171b","version":"1.17.3"},"@microsoft/sp-webpart-base":{"type":"component","id":"974a7777-0990-4136-8fa6-95d80114c2e0","version":"1.17.3"},"react":{"type":"component","id":"0d910c1c-13b9-4e1c-9aa4-b008c5e42d7d","version":"17.0.1"},"react-dom":{"type":"component","id":"aa0a46ec-1505-43cd-a44a-93f3a5aa460a","version":"17.0.1"}}}}]