{
  "$schema": "https://developer.microsoft.com/json-schemas/spfx-build/package-solution.schema.json",
  "solution": {
    "name": "major-incident-management-client-side-solution",
    "id": "4d617b10-5115-4876-a2d5-105a1a7c5f03",
    "version": "1.0.0.1",
    "includeClientSideAssets": true,
    "skipFeatureDeployment": true,
    "isDomainIsolated": false,
    "developer": {
      "name": "",
      "websiteUrl": "",
      "privacyUrl": "",
      "termsOfUseUrl": "",
      "mpnId": "Undefined-1.18.2"
    },
    "metadata": {
      "shortDescription": {
        "default": "major-incident-management description"
      },
      "longDescription": {
        "default": "major-incident-management description"
      },
      "screenshotPaths": [],
      "videoUrl": "",
      "categories": []
    },
    "features": [
      {
        "title": "major-incident-management Feature",
        "description": "The feature that activates elements of the major-incident-management solution.",
        "id": "536dc39e-f4dc-49c5-aee5-c2110da78599",
        "version": "1.0.0.0"
      }
    ]
  },
  "paths": {
    "zippedPackage": "solution/major-incident-management.sppkg"
  }
}
